antecedents,consequents,antecedent support,consequent support,support,confidence,lift,representativity,leverage,conviction,zhangs_metric,jaccard,certainty,kulczynski
"frozenset({'Rotational speed [rpm]_Bin_Low', 'Process temperature [K]_Bin_Medium', 'Air temperature [K]_Bin_High'})","frozenset({'Torque [Nm]_Bin_High', 'Status_Failure'})",0.0328,0.0265,0.0071,0.21646341463414634,8.168430740911182,1.0,0.0062308,1.242443579766537,0.9073381563158937,0.1360153256704981,0.19513447830934394,0.24219397146801658
"frozenset({'Process temperature [K]_Bin_Medium', 'Air temperature [K]_Bin_High', 'Torque [Nm]_Bin_High'})","frozenset({'Rotational speed [rpm]_Bin_Low', 'Status_Failure'})",0.0332,0.0266,0.0071,0.213855421686747,8.039677507020565,1.0,0.00621688,1.2381946360153258,0.9056856655031554,0.1347248576850095,0.1923725310116571,0.24038635745991488
"frozenset({'Rotational speed [rpm]_Bin_Low', 'Process temperature [K]_Bin_Medium', 'Air temperature [K]_Bin_High', 'Torque [Nm]_Bin_High'})",frozenset({'Status_Failure'}),0.0264,0.0339,0.0071,0.268939393939394,7.933315455439351,1.0,0.00620504,1.3215046632124354,0.897647181362621,0.13345864661654136,0.2432868170369465,0.2391894609814964
"frozenset({'Air temperature [K]_Bin_High', 'Torque [Nm]_Bin_High'})","frozenset({'Rotational speed [rpm]_Bin_Low', 'Process temperature [K]_Bin_High', 'Status_Failure'})",0.1059,0.0102,0.0081,0.0764872521246459,7.498750208298617,1.0,0.0070198199999999995,1.071777300613497,0.9692925225863376,0.075,0.06697034969149919,0.4353024495917347
"frozenset({'Rotational speed [rpm]_Bin_Low', 'Air temperature [K]_Bin_High', 'Torque [Nm]_Bin_High'})","frozenset({'Process temperature [K]_Bin_High', 'Status_Failure'})",0.0844,0.013,0.0081,0.09597156398104265,7.3824279985417425,1.0,0.0070028,1.0917798165137615,0.9442367954090687,0.09070548712206046,0.08406440119659843,0.3595242435289829
"frozenset({'Rotational speed [rpm]_Bin_Low', 'Air temperature [K]_Bin_High'})","frozenset({'Torque [Nm]_Bin_High', 'Process temperature [K]_Bin_High', 'Status_Failure'})",0.1056,0.0104,0.0081,0.07670454545454546,7.375437062937063,1.0,0.007001759999999999,1.071812923076923,0.9664745246140595,0.07506950880444856,0.06700135959432645,0.42777534965034963
"frozenset({'Air temperature [K]_Bin_High', 'Tool wear [min]_Bin_High', 'Torque [Nm]_Bin_High'})","frozenset({'Rotational speed [rpm]_Bin_Low', 'Status_Failure'})",0.0347,0.0266,0.0066,0.19020172910662822,7.150440943858204,1.0,0.00567698,1.2020277580071175,0.891068564019978,0.1206581352833638,0.168072456448149,0.21916101492925397
"frozenset({'Rotational speed [rpm]_Bin_Low', 'Air temperature [K]_Bin_High', 'Tool wear [min]_Bin_High'})","frozenset({'Torque [Nm]_Bin_High', 'Status_Failure'})",0.0349,0.0265,0.0066,0.18911174785100285,7.136292371735957,1.0,0.00567515,1.2005353356890458,0.8909659228279061,0.12043795620437957,0.16703826178839531,0.2190841758122939
"frozenset({'Rotational speed [rpm]_Bin_Low', 'Air temperature [K]_Bin_High', 'Tool wear [min]_Bin_High', 'Torque [Nm]_Bin_High'})",frozenset({'Status_Failure'}),0.028,0.0339,0.0066,0.2357142857142857,6.95322376738306,1.0,0.0056508,1.2640560747663552,0.8808454919566032,0.1193490054249548,0.20889585520576104,0.2152022756005057
"frozenset({'Process temperature [K]_Bin_Medium', 'Air temperature [K]_Bin_High', 'Rotational speed [rpm]_Bin_Low'})",frozenset({'Status_Failure'}),0.0328,0.0339,0.0074,0.22560975609756095,6.6551550471256915,1.0,0.00628808,1.2475622047244093,0.8785572172668946,0.12478920741989881,0.1984367623409181,0.22194942082164185
"frozenset({'Air temperature [K]_Bin_High', 'Torque [Nm]_Bin_High'})","frozenset({'Process temperature [K]_Bin_High', 'Status_Failure'})",0.1059,0.013,0.0087,0.08215297450424928,6.319459577249945,1.0,0.0073233,1.0753425925925926,0.9414591440439046,0.07894736842105263,0.07006380395567303,0.37569187186750924
"frozenset({'Process temperature [K]_Bin_Medium', 'Air temperature [K]_Bin_High', 'Torque [Nm]_Bin_High'})",frozenset({'Status_Failure'}),0.0332,0.0339,0.0071,0.213855421686747,6.308419518783098,1.0,0.0059745200000000005,1.2289088122605363,0.8703782479735676,0.11833333333333336,0.18626997379851673,0.21164747485517293
"frozenset({'Rotational speed [rpm]_Bin_Low', 'Air temperature [K]_Bin_High'})","frozenset({'Process temperature [K]_Bin_High', 'Status_Failure'})",0.1056,0.013,0.0086,0.08143939393939394,6.264568764568764,1.0,0.0072272,1.0745072164948453,0.9395931272621375,0.07818181818181819,0.0693408246599736,0.3714889277389277
"frozenset({'Rotational speed [rpm]_Bin_Low', 'Air temperature [K]_Bin_High', 'Torque [Nm]_Bin_High'})","frozenset({'Process temperature [K]_Bin_Medium', 'Status_Failure'})",0.0844,0.0136,0.0071,0.08412322274881517,6.185531084471704,1.0,0.005952160000000001,1.0770007761966365,0.9156098671539944,0.0781078107810781,0.07149556239742008,0.3030910231391135
"frozenset({'Air temperature [K]_Bin_High', 'Tool wear [min]_Bin_High', 'Torque [Nm]_Bin_High'})",frozenset({'Status_Failure'}),0.0347,0.0339,0.0072,0.20749279538904897,6.120731427405574,1.0,0.00602367,1.2190425454545453,0.8666951552194482,0.11726384364820848,0.17968408590109614,0.2099410879600112
"frozenset({'Rotational speed [rpm]_Bin_Low', 'Air temperature [K]_Bin_High'})","frozenset({'Torque [Nm]_Bin_High', 'Process temperature [K]_Bin_Medium', 'Status_Failure'})",0.1056,0.0111,0.0071,0.0672348484848485,6.057193557193558,1.0,0.00592784,1.0601811167512691,0.9334828289954396,0.06478102189781022,0.05676493931120285,0.3534372440622441
"frozenset({'Air temperature [K]_Bin_High', 'Torque [Nm]_Bin_High'})","frozenset({'Process temperature [K]_Bin_Medium', 'Rotational speed [rpm]_Bin_Low', 'Status_Failure'})",0.1059,0.0114,0.0071,0.06704438149197357,5.881086095787155,1.0,0.0058927400000000005,1.059643117408907,0.9282668384763338,0.06442831215970962,0.05628604237504913,0.34492569951791663
"frozenset({'Rotational speed [rpm]_Bin_Low', 'Air temperature [K]_Bin_High', 'Tool wear [min]_Bin_High'})",frozenset({'Status_Failure'}),0.0349,0.0339,0.0069,0.1977077363896848,5.832086619164744,1.0,0.00571689,1.204174642857143,0.8584963036044925,0.11147011308562198,0.16955567372910135,0.2006237796992672
"frozenset({'Process temperature [K]_Bin_Medium', 'Tool wear [min]_Bin_High', 'Torque [Nm]_Bin_High'})","frozenset({'Rotational speed [rpm]_Bin_Low', 'Status_Failure'})",0.0364,0.0266,0.0056,0.15384615384615383,5.783689994216309,1.0,0.00463176,1.1503818181818182,0.8583437110834372,0.0975609756097561,0.13072339618466594,0.18218623481781376
"frozenset({'Process temperature [K]_Bin_Medium', 'Rotational speed [rpm]_Bin_Low', 'Tool wear [min]_Bin_High'})","frozenset({'Torque [Nm]_Bin_High', 'Status_Failure'})",0.0369,0.0265,0.0056,0.15176151761517614,5.726849721327402,1.0,0.00462215,1.1476725239616612,0.8570075055253127,0.09688581314878893,0.1286713072574999,0.18154113616607864
"frozenset({'Process temperature [K]_Bin_Medium', 'Rotational speed [rpm]_Bin_Low', 'Tool wear [min]_Bin_High', 'Torque [Nm]_Bin_High'})",frozenset({'Status_Failure'}),0.0293,0.0339,0.0056,0.19112627986348124,5.6379433588047565,1.0,0.00460673,1.194376793248945,0.847460963369586,0.09722222222222221,0.16274327695215945,0.1781590101382303
"frozenset({'Rotational speed [rpm]_Bin_Low', 'Tool wear [min]_Bin_High', 'Process temperature [K]_Bin_High'})","frozenset({'Torque [Nm]_Bin_High', 'Status_Failure'})",0.035,0.0265,0.0051,0.1457142857142857,5.498652291105121,1.0,0.0041725,1.1395484949832775,0.8478106268414101,0.09042553191489362,0.12245946144251228,0.1690835579514825
"frozenset({'Rotational speed [rpm]_Bin_Low', 'Air temperature [K]_Bin_High'})","frozenset({'Status_Failure', 'Torque [Nm]_Bin_High'})",0.1056,0.0265,0.0152,0.14393939393939395,5.431675242995999,1.0,0.0124016,1.1371858407079647,0.912225779116844,0.1300256629597947,0.12063625468864299,0.35876214979988563
"frozenset({'Air temperature [K]_Bin_High', 'Torque [Nm]_Bin_High'})","frozenset({'Rotational speed [rpm]_Bin_Low', 'Status_Failure'})",0.1059,0.0266,0.0152,0.14353163361661947,5.3959260758127625,1.0,0.012383060000000001,1.1365276736493937,0.9111676546247625,0.12958226768968456,0.12012701213953099,0.3574801025225955
"frozenset({'Rotational speed [rpm]_Bin_Low', 'Air temperature [K]_Bin_High', 'Torque [Nm]_Bin_High'})",frozenset({'Status_Failure'}),0.0844,0.0339,0.0152,0.18009478672985782,5.312530582001705,1.0,0.01233884,1.178306936416185,0.8865943528546136,0.14742967992240544,0.15132469385142097,0.31423618392540087
"frozenset({'Rotational speed [rpm]_Bin_Low', 'Tool wear [min]_Bin_High', 'Process temperature [K]_Bin_High', 'Torque [Nm]_Bin_High'})",frozenset({'Status_Failure'}),0.0284,0.0339,0.0051,0.1795774647887324,5.297270347750218,1.0,0.00413724,1.177563948497854,0.8349357033879835,0.08916083916083917,0.15078921932380954,0.1650099713324193
"frozenset({'Tool wear [min]_Bin_High', 'Process temperature [K]_Bin_High', 'Torque [Nm]_Bin_High'})","frozenset({'Rotational speed [rpm]_Bin_Low', 'Status_Failure'})",0.0362,0.0266,0.0051,0.1408839779005525,5.296390146637312,1.0,0.0041370800000000004,1.1330250803858521,0.8416602582099452,0.0883882149046794,0.11740700421260786,0.16630665060441158
"frozenset({'Rotational speed [rpm]_Bin_Low', 'Air temperature [K]_Bin_High'})","frozenset({'Process temperature [K]_Bin_Medium', 'Status_Failure'})",0.1056,0.0136,0.0074,0.07007575757575758,5.152629233511587,1.0,0.005963840000000001,1.060731568228106,0.9010781801479477,0.06618962432915922,0.057254417655877514,0.3070967023172906
"frozenset({'Rotational speed [rpm]_Bin_Low', 'Process temperature [K]_Bin_High', 'Torque [Nm]_Bin_High'})","frozenset({'Air temperature [K]_Bin_High', 'Status_Failure'})",0.085,0.0188,0.0081,0.09529411764705881,5.06883604505632,1.0,0.006501999999999999,1.0845513654096228,0.8772852998718207,0.08463949843260186,0.07795976115680678,0.26307259073842304
"frozenset({'Air temperature [K]_Bin_High', 'Torque [Nm]_Bin_High'})","frozenset({'Process temperature [K]_Bin_Medium', 'Status_Failure'})",0.1059,0.0136,0.0071,0.06704438149197357,4.929733933233352,1.0,0.005659760000000001,1.057285020242915,0.8915661511851559,0.06316725978647687,0.05418124644360662,0.2945516025106927
"frozenset({'Rotational speed [rpm]_Bin_Low', 'Tool wear [min]_Bin_High'})","frozenset({'Status_Failure', 'Torque [Nm]_Bin_High'})",0.1077,0.0265,0.0138,0.12813370473537603,4.835234140957586,1.0,0.01094595,1.1165702875399361,0.8889216436273626,0.11461794019933554,0.10440031303068929,0.32444421085825403
"frozenset({'Rotational speed [rpm]_Bin_Low', 'Tool wear [min]_Bin_High', 'Torque [Nm]_Bin_High'})","frozenset({'Process temperature [K]_Bin_Medium', 'Status_Failure'})",0.0852,0.0136,0.0056,0.06572769953051644,4.8329190831262085,1.0,0.004441280000000001,1.055794974874372,0.866949840714598,0.06008583690987124,0.052846410716257536,0.2387462027064347
"frozenset({'Rotational speed [rpm]_Bin_Low', 'Process temperature [K]_Bin_High'})","frozenset({'Torque [Nm]_Bin_High', 'Air temperature [K]_Bin_High', 'Status_Failure'})",0.1061,0.0158,0.0081,0.07634307257304429,4.831840036268625,1.0,0.00642362,1.0655471428571428,0.8871680346491101,0.0711775043936731,0.06151500972672657,0.29450065021057276
"frozenset({'Rotational speed [rpm]_Bin_Low', 'Tool wear [min]_Bin_High', 'Torque [Nm]_Bin_High'})",frozenset({'Status_Failure'}),0.0852,0.0339,0.0138,0.1619718309859155,4.777930117578628,1.0,0.01091172,1.1528252100840335,0.8643466854242314,0.13105413105413105,0.1325658120131617,0.2845257385018073
"frozenset({'Tool wear [min]_Bin_High', 'Torque [Nm]_Bin_High'})","frozenset({'Rotational speed [rpm]_Bin_Low', 'Status_Failure'})",0.1088,0.0266,0.0138,0.12683823529411764,4.768354710305175,1.0,0.01090592,1.114799157894737,0.8867639788723232,0.11348684210526316,0.1029774350668971,0.32281761388766034
"frozenset({'Process temperature [K]_Bin_High', 'Torque [Nm]_Bin_High'})","frozenset({'Rotational speed [rpm]_Bin_Low', 'Air temperature [K]_Bin_High', 'Status_Failure'})",0.1064,0.016,0.0081,0.07612781954887218,4.757988721804511,1.0,0.0063976,1.065082400813835,0.883871039048598,0.07086614173228346,0.06110550767161807,0.29118890977443607
"frozenset({'Rotational speed [rpm]_Bin_Low', 'Tool wear [min]_Bin_High'})","frozenset({'Torque [Nm]_Bin_High', 'Process temperature [K]_Bin_Medium', 'Status_Failure'})",0.1077,0.0111,0.0056,0.051996285979572884,4.6843500882498095,1.0,0.00440453,1.043139373163565,0.8814560285618227,0.04946996466431095,0.04135533014417321,0.27825039524203865
"frozenset({'Tool wear [min]_Bin_High', 'Process temperature [K]_Bin_High', 'Torque [Nm]_Bin_High'})",frozenset({'Status_Failure'}),0.0362,0.0339,0.0057,0.1574585635359116,4.644795384540165,1.0,0.004472820000000001,1.1466498360655737,0.8141785257915489,0.08850931677018634,0.12789417610590165,0.1628000782281328
"frozenset({'Process temperature [K]_Bin_Medium', 'Rotational speed [rpm]_Bin_Low', 'Tool wear [min]_Bin_High'})",frozenset({'Status_Failure'}),0.0369,0.0339,0.0058,0.15718157181571812,4.636624537336818,1.0,0.0045490899999999996,1.1462729903536977,0.814376349360363,0.08923076923076922,0.12760746487497995,0.16413650862172335
"frozenset({'Process temperature [K]_Bin_Medium', 'Tool wear [min]_Bin_High', 'Torque [Nm]_Bin_High'})",frozenset({'Status_Failure'}),0.0364,0.0339,0.0057,0.1565934065934066,4.619274530778956,1.0,0.00446604,1.145473615635179,0.8131131065521837,0.08823529411764705,0.12699866120837036,0.1623674997568803
"frozenset({'Rotational speed [rpm]_Bin_Low', 'Tool wear [min]_Bin_High', 'Torque [Nm]_Bin_High'})","frozenset({'Process temperature [K]_Bin_High', 'Status_Failure'})",0.0852,0.013,0.0051,0.05985915492957747,4.604550379198267,1.0,0.0039924,1.0498426966292136,0.8557318861081817,0.054779806659505915,0.047476347446380414,0.22608342361863493
"frozenset({'Tool wear [min]_Bin_High', 'Torque [Nm]_Bin_High'})","frozenset({'Rotational speed [rpm]_Bin_Low', 'Process temperature [K]_Bin_High', 'Status_Failure'})",0.1088,0.0102,0.0051,0.04687500000000001,4.595588235294118,1.0,0.003990240000000001,1.0384786885245902,0.8779174147217236,0.04477611940298508,0.03705293998787634,0.2734375
"frozenset({'Rotational speed [rpm]_Bin_Low', 'Tool wear [min]_Bin_High'})","frozenset({'Torque [Nm]_Bin_High', 'Process temperature [K]_Bin_High', 'Status_Failure'})",0.1077,0.0104,0.0051,0.04735376044568245,4.553246196700236,1.0,0.0039799200000000005,1.0387906432748537,0.8745673771021353,0.04513274336283186,0.03734211847785211,0.2688691879151489
"frozenset({'Tool wear [min]_Bin_High', 'Torque [Nm]_Bin_High'})","frozenset({'Process temperature [K]_Bin_Medium', 'Rotational speed [rpm]_Bin_Low', 'Status_Failure'})",0.1088,0.0114,0.0056,0.05147058823529412,4.514963880288958,1.0,0.0043596799999999995,1.0422449612403102,0.8735573223903564,0.04886561954624782,0.040532660565743596,0.27134932920536636
"frozenset({'Rotational speed [rpm]_Bin_Low', 'Air temperature [K]_Bin_High'})",frozenset({'Status_Failure'}),0.1056,0.0339,0.016,0.15151515151515152,4.469473496022169,1.0,0.01242016,1.1386178571428571,0.8679114490161002,0.12955465587044535,0.12174221251956477,0.31174577634754624
"frozenset({'Rotational speed [rpm]_Bin_Low', 'Tool wear [min]_Bin_High', 'Process temperature [K]_Bin_High'})",frozenset({'Status_Failure'}),0.035,0.0339,0.0053,0.1514285714285714,4.466919511167299,1.0,0.0041135,1.1385016835016835,0.8042819434939876,0.08333333333333333,0.12165259437798512,0.15388537715971345
"frozenset({'Air temperature [K]_Bin_High', 'Torque [Nm]_Bin_High'})",frozenset({'Status_Failure'}),0.1059,0.0339,0.0158,0.14919735599622289,4.401101946791235,1.0,0.012209990000000002,1.1355159822419534,0.8643151517897214,0.12741935483870973,0.11934308663308446,0.30763702608070737
"frozenset({'Process temperature [K]_Bin_High', 'Torque [Nm]_Bin_High'})","frozenset({'Air temperature [K]_Bin_High', 'Status_Failure'})",0.1064,0.0188,0.0087,0.08176691729323309,4.349304111342185,1.0,0.0066996799999999995,1.0685740020470829,0.861770547134669,0.07467811158798282,0.0641733767766338,0.27226643737002076
"frozenset({'Rotational speed [rpm]_Bin_Low', 'Process temperature [K]_Bin_High'})","frozenset({'Air temperature [K]_Bin_High', 'Status_Failure'})",0.1061,0.0188,0.0086,0.08105560791705937,4.3114685062265625,1.0,0.00660532,1.0677468717948717,0.8592241471263888,0.07394668959587274,0.06344843856202546,0.26925120821384885
"frozenset({'Air temperature [K]_Bin_High', 'Torque [Nm]_Bin_High'})","frozenset({'Rotational speed [rpm]_Bin_Low', 'Tool wear [min]_Bin_High', 'Status_Failure'})",0.1059,0.0145,0.0066,0.0623229461756374,4.298134219009476,1.0,0.00506445,1.0510015105740182,0.8582271659667924,0.05799648506151142,0.048526581608967424,0.2587476799843704
"frozenset({'Rotational speed [rpm]_Bin_Low', 'Air temperature [K]_Bin_High'})","frozenset({'Torque [Nm]_Bin_High', 'Tool wear [min]_Bin_High', 'Status_Failure'})",0.1056,0.0148,0.0066,0.0625,4.222972972972973,1.0,0.00503712,1.05088,0.853309481216458,0.057996485061511414,0.04841656516443362,0.25422297297297297
"frozenset({'Process temperature [K]_Bin_Medium', 'Rotational speed [rpm]_Bin_Low', 'Torque [Nm]_Bin_High'})","frozenset({'Air temperature [K]_Bin_High', 'Status_Failure'})",0.0895,0.0188,0.0071,0.0793296089385475,4.219660049922739,1.0,0.0054174,1.0657451456310678,0.8380165672784649,0.07015810276679843,0.061689369077198845,0.22849459170331632
"frozenset({'Rotational speed [rpm]_Bin_Low', 'Air temperature [K]_Bin_High', 'Process temperature [K]_Bin_High'})","frozenset({'Torque [Nm]_Bin_High', 'Status_Failure'})",0.0728,0.0265,0.0081,0.11126373626373626,4.198631557122123,1.0,0.0061708,1.0953755795981455,0.8216427529053355,0.08881578947368421,0.08707112096942606,0.2084620568111134
"frozenset({'Air temperature [K]_Bin_High', 'Process temperature [K]_Bin_High', 'Torque [Nm]_Bin_High'})","frozenset({'Rotational speed [rpm]_Bin_Low', 'Status_Failure'})",0.0727,0.0266,0.0081,0.11141678129298486,4.188600800488153,1.0,0.006166179999999999,1.0954517027863777,0.8209390597686367,0.08881578947368421,0.08713456060507999,0.2079640297442368
"frozenset({'Rotational speed [rpm]_Bin_Low', 'Tool wear [min]_Bin_High', 'Torque [Nm]_Bin_High'})","frozenset({'Air temperature [K]_Bin_High', 'Status_Failure'})",0.0852,0.0188,0.0066,0.07746478873239437,4.1204674857656585,1.0,0.00499824,1.0635908396946565,0.8278411575307072,0.06776180698151951,0.05978881852058131,0.2142643092598142
"frozenset({'Rotational speed [rpm]_Bin_Low', 'Air temperature [K]_Bin_High', 'Process temperature [K]_Bin_High', 'Torque [Nm]_Bin_High'})",frozenset({'Status_Failure'}),0.058,0.0339,0.0081,0.13965517241379308,4.11962160512664,1.0,0.0061338,1.1229218436873747,0.8038845639694897,0.09665871121718375,0.10946607226352663,0.18929661275556908
"frozenset({'Rotational speed [rpm]_Bin_Low', 'Air temperature [K]_Bin_High', 'Torque [Nm]_Bin_High'})","frozenset({'Tool wear [min]_Bin_High', 'Status_Failure'})",0.0844,0.0192,0.0066,0.07819905213270142,4.0728672985782,1.0,0.00497952,1.0640041131105398,0.8240200166805672,0.06804123711340206,0.06015400910756671,0.21097452606635075
"frozenset({'Tool wear [min]_Bin_High', 'Torque [Nm]_Bin_High'})","frozenset({'Process temperature [K]_Bin_High', 'Status_Failure'})",0.1088,0.013,0.0057,0.05238970588235295,4.029977375565612,1.0,0.0042856000000000005,1.0415674102812802,0.8436486188541372,0.04909560723514212,0.03990851659812862,0.24542562217194575
"frozenset({'Tool wear [min]_Bin_High', 'Torque [Nm]_Bin_High'})",frozenset({'Status_Failure'}),0.1088,0.0339,0.0148,0.1360294117647059,4.012667013708139,1.0,0.01111168,1.1182093617021276,0.8424474744043865,0.11571540265832683,0.10571308535835411,0.2863037914280757
"frozenset({'Rotational speed [rpm]_Bin_Low', 'Tool wear [min]_Bin_High'})",frozenset({'Status_Failure'}),0.1077,0.0339,0.0145,0.13463324048282266,3.971482020142261,1.0,0.010848970000000001,1.1164052575107295,0.8385126387831524,0.11408339889850513,0.10426792307506745,0.2811809270260721
"frozenset({'Process temperature [K]_Bin_Medium', 'Rotational speed [rpm]_Bin_Low'})","frozenset({'Torque [Nm]_Bin_High', 'Air temperature [K]_Bin_High', 'Status_Failure'})",0.1133,0.0158,0.0071,0.06266548984995587,3.966170243668093,1.0,0.0053098600000000004,1.04999868173258,0.8434279977825677,0.058196721311475415,0.047617851910136025,0.2560162892287754
"frozenset({'Rotational speed [rpm]_Bin_Low', 'Tool wear [min]_Bin_High'})","frozenset({'Process temperature [K]_Bin_Medium', 'Status_Failure'})",0.1077,0.0136,0.0058,0.053853296193129056,3.9598011906712545,1.0,0.0043352799999999995,1.042544455348381,0.837680229704715,0.05021645021645021,0.040808288922474706,0.24016194221421158
"frozenset({'Process temperature [K]_Bin_Medium', 'Torque [Nm]_Bin_High'})","frozenset({'Rotational speed [rpm]_Bin_Low', 'Air temperature [K]_Bin_High', 'Status_Failure'})",0.1122,0.016,0.0071,0.06327985739750447,3.954991087344029,1.0,0.0053048,1.0504738344433873,0.8415802315583067,0.05862923203963667,0.04804863556656958,0.25351492869875225
"frozenset({'Rotational speed [rpm]_Bin_Low', 'Tool wear [min]_Bin_High'})","frozenset({'Torque [Nm]_Bin_High', 'Air temperature [K]_Bin_High', 'Status_Failure'})",0.1077,0.0158,0.0066,0.06128133704735376,3.8785656359084655,1.0,0.004898339999999999,1.0484504451038574,0.8317524680855398,0.056458511548331904,0.046211478406171264,0.23950142801734775
"frozenset({'Tool wear [min]_Bin_High', 'Torque [Nm]_Bin_High'})","frozenset({'Process temperature [K]_Bin_Medium', 'Status_Failure'})",0.1088,0.0136,0.0057,0.05238970588235295,3.8521842560553643,1.0,0.0042203200000000005,1.0409342386032978,0.8307978204037922,0.048843187660668384,0.03932451934545108,0.23575367647058826
"frozenset({'Air temperature [K]_Bin_High', 'Tool wear [min]_Bin_High'})","frozenset({'Process temperature [K]_Bin_High', 'Status_Failure'})",0.1085,0.013,0.0054,0.049769585253456226,3.8284296348812483,1.0,0.0039895,1.0386954413191076,0.8287114933217008,0.04651162790697675,0.03725388576844603,0.2325771003190358
"frozenset({'Tool wear [min]_Bin_High', 'Torque [Nm]_Bin_High'})","frozenset({'Rotational speed [rpm]_Bin_Low', 'Air temperature [K]_Bin_High', 'Status_Failure'})",0.1088,0.016,0.0066,0.06066176470588235,3.7913602941176467,1.0,0.0048592,1.047545988258317,0.8261248027854851,0.05583756345177665,0.04538797226207556,0.23658088235294117
"frozenset({'Rotational speed [rpm]_Bin_Low', 'Tool wear [min]_Bin_High'})","frozenset({'Process temperature [K]_Bin_High', 'Status_Failure'})",0.1077,0.013,0.0053,0.04921077065923862,3.7854438968645097,1.0,0.0038999,1.0380849609375,0.8246443894197526,0.04592720970537262,0.036687710900950986,0.22845153917577316
"frozenset({'Process temperature [K]_Bin_Medium', 'Torque [Nm]_Bin_High'})","frozenset({'Rotational speed [rpm]_Bin_Low', 'Status_Failure'})",0.1122,0.0266,0.011,0.09803921568627451,3.685684800235884,1.0,0.00801548,1.079204347826087,0.8207704437936473,0.0860719874804382,0.07339142766208599,0.25578652513637035
"frozenset({'Process temperature [K]_Bin_Medium', 'Rotational speed [rpm]_Bin_Low'})","frozenset({'Status_Failure', 'Torque [Nm]_Bin_High'})",0.1133,0.0265,0.011,0.0970873786407767,3.663674665689687,1.0,0.007997549999999999,1.0781774193548388,0.8199503778053455,0.08540372670807453,0.07250886352416713,0.2560908591317091
"frozenset({'Process temperature [K]_Bin_Medium', 'Rotational speed [rpm]_Bin_Low', 'Torque [Nm]_Bin_High'})",frozenset({'Status_Failure'}),0.0895,0.0339,0.011,0.12290502793296089,3.6255170481699377,1.0,0.00796595,1.1014770700636942,0.7953621886076582,0.09786476868327401,0.09212817299757882,0.22369440187208514
"frozenset({'Air temperature [K]_Bin_High', 'Torque [Nm]_Bin_High'})","frozenset({'Tool wear [min]_Bin_High', 'Status_Failure'})",0.1059,0.0192,0.0072,0.0679886685552408,3.541076487252125,1.0,0.00516672,1.0523477203647416,0.8025947880550274,0.06106870229007634,0.049743748526958405,0.22149433427762039
"frozenset({'Air temperature [K]_Bin_High', 'Process temperature [K]_Bin_High', 'Torque [Nm]_Bin_High'})",frozenset({'Status_Failure'}),0.0727,0.0339,0.0087,0.11966987620357633,3.5300848437633134,1.0,0.00623547,1.09742921875,0.7729113443925077,0.08886618998978549,0.08877950129756375,0.18815352217258463
"frozenset({'Tool wear [min]_Bin_High', 'Torque [Nm]_Bin_High'})","frozenset({'Air temperature [K]_Bin_High', 'Status_Failure'})",0.1088,0.0188,0.0072,0.0661764705882353,3.5200250312891113,1.0,0.00515456,1.0507338582677164,0.803311390384999,0.059800664451827246,0.04828421380782236,0.2245775969962453
"frozenset({'Rotational speed [rpm]_Bin_Low', 'Air temperature [K]_Bin_High', 'Process temperature [K]_Bin_High'})",frozenset({'Status_Failure'}),0.0728,0.0339,0.0086,0.11813186813186813,3.484715874096405,1.0,0.00613208,1.0955152647975077,0.7690169954050203,0.08766564729867482,0.08718752523741656,0.18590959188304323
"frozenset({'Process temperature [K]_Bin_Medium', 'Rotational speed [rpm]_Bin_Low'})","frozenset({'Air temperature [K]_Bin_High', 'Status_Failure'})",0.1133,0.0188,0.0074,0.06531332744924978,3.4741131621941372,1.0,0.005269960000000001,1.0497635505193579,0.8031541183678321,0.059342421812349645,0.047404532663320204,0.22946517436292277
"frozenset({'Rotational speed [rpm]_Bin_Low', 'Process temperature [K]_Bin_High'})","frozenset({'Status_Failure', 'Torque [Nm]_Bin_High'})",0.1061,0.0265,0.0097,0.09142318567389256,3.4499315348638704,1.0,0.0068883500000000005,1.0714559128630705,0.7944279844028772,0.0789259560618389,0.06669048348627896,0.2287304607614746
"frozenset({'Process temperature [K]_Bin_Medium', 'Torque [Nm]_Bin_High'})","frozenset({'Rotational speed [rpm]_Bin_Low', 'Tool wear [min]_Bin_High', 'Status_Failure'})",0.1122,0.0145,0.0056,0.049910873440285206,3.4421292027782897,1.0,0.0039731,1.0372711069418388,0.7991463650114248,0.046242774566473986,0.03593188578415546,0.21805888499600468
"frozenset({'Process temperature [K]_Bin_High', 'Torque [Nm]_Bin_High'})","frozenset({'Rotational speed [rpm]_Bin_Low', 'Status_Failure'})",0.1064,0.0266,0.0097,0.09116541353383459,3.4272711854825033,1.0,0.006869760000000001,1.0710419855222337,0.792550000461472,0.0786699107866991,0.06632978583710149,0.22791353383458646
"frozenset({'Rotational speed [rpm]_Bin_Low', 'Tool wear [min]_Bin_High'})","frozenset({'Air temperature [K]_Bin_High', 'Status_Failure'})",0.1077,0.0188,0.0069,0.06406685236768801,3.4078112961536173,1.0,0.0048752399999999994,1.0483654761904762,0.7918374108922227,0.057692307692307696,0.04613417485496129,0.21554406448171634
"frozenset({'Rotational speed [rpm]_Bin_Low', 'Air temperature [K]_Bin_High'})","frozenset({'Tool wear [min]_Bin_High', 'Status_Failure'})",0.1056,0.0192,0.0069,0.06534090909090909,3.4031723484848486,1.0,0.00487248,1.049366565349544,0.789530994788831,0.058524173027989825,0.04704415690345544,0.21235795454545453
"frozenset({'Rotational speed [rpm]_Bin_Low', 'Process temperature [K]_Bin_High', 'Torque [Nm]_Bin_High'})",frozenset({'Status_Failure'}),0.085,0.0339,0.0097,0.11411764705882352,3.366302273121638,1.0,0.0068185,1.0905511288180612,0.7682384091037123,0.08882783882783883,0.08303244701254893,0.2001266701370814
"frozenset({'Process temperature [K]_Bin_Medium', 'Torque [Nm]_Bin_High'})","frozenset({'Air temperature [K]_Bin_High', 'Status_Failure'})",0.1122,0.0188,0.0071,0.06327985739750447,3.3659498615693866,1.0,0.004990640000000001,1.0474846812559466,0.7917403044081113,0.057304277643260695,0.04533210089431765,0.2204697159327948
"frozenset({'Process temperature [K]_Bin_Medium', 'Rotational speed [rpm]_Bin_Low'})","frozenset({'Torque [Nm]_Bin_High', 'Tool wear [min]_Bin_High', 'Status_Failure'})",0.1133,0.0148,0.0056,0.04942630185348632,3.339614990100427,1.0,0.00392316,1.036426740947075,0.790080394399781,0.045714285714285714,0.0351464696036199,0.21390234011593234
"frozenset({'Rotational speed [rpm]_Bin_Low', 'Torque [Nm]_Bin_High'})","frozenset({'Process temperature [K]_Bin_Medium', 'Air temperature [K]_Bin_High', 'Status_Failure'})",0.2646,0.0081,0.0071,0.026832955404383976,3.312710543751108,1.0,0.004956740000000001,1.0192494757281554,0.9493233537750847,0.026731927710843376,0.018885931449121863,0.4516880826404637
"frozenset({'Process temperature [K]_Bin_High', 'Torque [Nm]_Bin_High'})","frozenset({'Rotational speed [rpm]_Bin_Low', 'Tool wear [min]_Bin_High', 'Status_Failure'})",0.1064,0.0145,0.0051,0.04793233082706767,3.3056779880736324,1.0,0.0035572000000000004,1.0351154985192499,0.780539610651781,0.04404145077720208,0.03392423219387892,0.19982823437905106
"frozenset({'Process temperature [K]_Bin_Medium', 'Rotational speed [rpm]_Bin_Low', 'Torque [Nm]_Bin_High'})","frozenset({'Tool wear [min]_Bin_High', 'Status_Failure'})",0.0895,0.0192,0.0056,0.06256983240223464,3.258845437616388,1.0,0.0038816000000000002,1.046264600715137,0.7612771632540991,0.05431619786614937,0.04421883401532896,0.17711824953445066
"frozenset({'Rotational speed [rpm]_Bin_Low', 'Process temperature [K]_Bin_High'})","frozenset({'Torque [Nm]_Bin_High', 'Tool wear [min]_Bin_High', 'Status_Failure'})",0.1061,0.0148,0.0051,0.04806786050895382,3.24782841276715,1.0,0.00352972,1.0349477227722772,0.7742498722276694,0.04404145077720207,0.03376762130425682,0.19633122755177423
"frozenset({'Rotational speed [rpm]_Bin_Low', 'Process temperature [K]_Bin_High', 'Torque [Nm]_Bin_High'})","frozenset({'Tool wear [min]_Bin_High', 'Status_Failure'})",0.085,0.0192,0.0051,0.06,3.125,1.0,0.0034680000000000006,1.043404255319149,0.7431693989071039,0.05146316851664986,0.041598694942903754,0.16281250000000003
"frozenset({'Rotational speed [rpm]_Bin_Low', 'Torque [Nm]_Bin_High'})","frozenset({'Process temperature [K]_Bin_Medium', 'Status_Failure'})",0.2646,0.0136,0.011,0.04157218442932729,3.0567782668623007,1.0,0.00740144,1.0291854889589906,0.9149553736989146,0.04116766467065868,0.028357851205725145,0.425197856920546
"frozenset({'Rotational speed [rpm]_Bin_Low', 'Torque [Nm]_Bin_High'})","frozenset({'Air temperature [K]_Bin_High', 'Status_Failure'})",0.2646,0.0188,0.0152,0.05744520030234316,3.055595760762934,1.0,0.01022552,1.0410004811547713,0.9147832185849448,0.05667412378821775,0.039385650532351366,0.4329779193001077
"frozenset({'Rotational speed [rpm]_Bin_Low', 'Torque [Nm]_Bin_High'})","frozenset({'Tool wear [min]_Bin_Low', 'Status_Failure'})",0.2646,0.0076,0.0061,0.02305366591080877,3.0333770935274695,1.0,0.00408904,1.0158183365570599,0.9115235602794508,0.02292371288989102,0.015572013211213999,0.41284262242908865
frozenset({'Rotational speed [rpm]_Bin_Low'}),"frozenset({'Status_Failure', 'Tool wear [min]_Bin_Low', 'Torque [Nm]_Bin_High'})",0.3351,0.0061,0.0061,0.018203521336914354,2.9841838257236644,1.0,0.00405589,1.0123279331306991,1.0,0.018203521336914354,0.01217780595322905,0.5091017606684571
frozenset({'Rotational speed [rpm]_Bin_Low'}),"frozenset({'Torque [Nm]_Bin_High', 'Process temperature [K]_Bin_Medium', 'Air temperature [K]_Bin_High', 'Status_Failure'})",0.3351,0.0071,0.0071,0.02118770516263802,2.9841838257236644,1.0,0.004720790000000001,1.0143926524390243,1.0,0.02118770516263802,0.014188443108709859,0.5105938525813191
"frozenset({'Rotational speed [rpm]_Bin_Low', 'Torque [Nm]_Bin_High'})","frozenset({'Process temperature [K]_Bin_Medium', 'Tool wear [min]_Bin_High', 'Status_Failure'})",0.2646,0.0071,0.0056,0.021164021164021163,2.980848051270586,1.0,0.00372134,1.0143681081081082,0.9036238781615447,0.021044720030063885,0.014164589751255074,0.40494820776510915
"frozenset({'Process temperature [K]_Bin_Medium', 'Rotational speed [rpm]_Bin_Low'})",frozenset({'Status_Failure'}),0.1133,0.0339,0.0114,0.10061782877316859,2.968077544931227,1.0,0.007559130000000001,1.0741818449460254,0.7478082541416132,0.08394698085419736,0.06905892637736114,0.2184505073069383
frozenset({'Torque [Nm]_Bin_High'}),"frozenset({'Rotational speed [rpm]_Bin_Low', 'Air temperature [K]_Bin_Medium', 'Status_Failure'})",0.3312,0.0056,0.0055,0.016606280193236716,2.965407177363699,1.0,0.00364528,1.0111921400061405,0.9909960852544584,0.016601267733172352,0.011068262463029681,0.4993745686680469
frozenset({'Rotational speed [rpm]_Bin_Low'}),"frozenset({'Process temperature [K]_Bin_Medium', 'Status_Failure', 'Torque [Nm]_Bin_High'})",0.3351,0.0111,0.011,0.03282602208296031,2.9572992867531807,1.0,0.007280389999999999,1.022463406356063,0.9954183130751035,0.03281622911694511,0.021969887837961683,0.5119085065369756
"frozenset({'Rotational speed [rpm]_Bin_Low', 'Torque [Nm]_Bin_High'})","frozenset({'Air temperature [K]_Bin_High', 'Tool wear [min]_Bin_High', 'Status_Failure'})",0.2646,0.0085,0.0066,0.024943310657596373,2.9345071361878086,1.0,0.0043508999999999996,1.016863953488372,0.8964200064281651,0.024765478424015008,0.016584277012200072,0.4007069494464452
frozenset({'Rotational speed [rpm]_Bin_Low'}),"frozenset({'Torque [Nm]_Bin_High', 'Process temperature [K]_Bin_Medium', 'Tool wear [min]_Bin_High', 'Status_Failure'})",0.3351,0.0057,0.0056,0.016711429424052522,2.9318297235179864,1.0,0.00368993,1.0111985735963582,0.9910002578260962,0.016706443914081145,0.01107455438404156,0.49958378488746485
frozenset({'Rotational speed [rpm]_Bin_Low'}),"frozenset({'Tool wear [min]_Bin_Medium', 'Status_Failure', 'Torque [Nm]_Bin_High'})",0.3351,0.0056,0.0055,0.016413011041480154,2.9308948288357417,1.0,0.0036234399999999995,1.0109934466019417,0.990836626150207,0.016408114558472554,0.010873904908970389,0.49927793409216864
"frozenset({'Rotational speed [rpm]_Bin_Low', 'Torque [Nm]_Bin_High'})","frozenset({'Tool wear [min]_Bin_Medium', 'Status_Failure'})",0.2646,0.0071,0.0055,0.020786092214663644,2.9276186217836115,1.0,0.00362134,1.0139766113469704,0.8953296907063564,0.02066115702479339,0.013783958318726601,0.3977169897693036
"frozenset({'Process temperature [K]_Bin_Medium', 'Torque [Nm]_Bin_High'})",frozenset({'Status_Failure'}),0.1122,0.0339,0.0111,0.09893048128342247,2.918303282696828,1.0,0.007296420000000001,1.0721703264094955,0.7404090280864329,0.08222222222222222,0.06731237064840334,0.21318205480100327
frozenset({'Torque [Nm]_Bin_High'}),"frozenset({'Process temperature [K]_Bin_Medium', 'Rotational speed [rpm]_Bin_Low', 'Tool wear [min]_Bin_High', 'Status_Failure'})",0.3312,0.0058,0.0056,0.016908212560386472,2.915209062135599,1.0,0.00367904,1.0112992628992628,0.9823137388926863,0.016898008449004225,0.011173016053496755,0.4912127269698484
frozenset({'Torque [Nm]_Bin_High'}),"frozenset({'Tool wear [min]_Bin_Medium', 'Rotational speed [rpm]_Bin_Low', 'Status_Failure'})",0.3312,0.0057,0.0055,0.016606280193236716,2.913382490041529,1.0,0.0036121599999999997,1.011090451335585,0.9819921705089169,0.01659625829812915,0.01096880236672706,0.4907592804474955
frozenset({'Torque [Nm]_Bin_High'}),"frozenset({'Process temperature [K]_Bin_Medium', 'Rotational speed [rpm]_Bin_Low', 'Status_Failure'})",0.3312,0.0114,0.011,0.03321256038647343,2.913382490041529,1.0,0.007224319999999999,1.0225618988132419,0.9819921705089169,0.033172496984318456,0.022064091024148726,0.49906242054411387
frozenset({'Torque [Nm]_Bin_High'}),"frozenset({'Rotational speed [rpm]_Bin_Low', 'Tool wear [min]_Bin_High', 'Process temperature [K]_Bin_High', 'Status_Failure'})",0.3312,0.0053,0.0051,0.015398550724637682,2.905386929176921,1.0,0.0033446400000000003,1.0102564857405705,0.9805797917253024,0.015389257694628847,0.010152358223220751,0.488831350834017
frozenset({'Torque [Nm]_Bin_High'}),"frozenset({'Rotational speed [rpm]_Bin_Low', 'Process temperature [K]_Bin_Medium', 'Air temperature [K]_Bin_High', 'Status_Failure'})",0.3312,0.0074,0.0071,0.021437198067632852,2.896918657788223,1.0,0.0046491200000000005,1.0143447084233261,0.9790754093941639,0.021417797888386124,0.014141847740915627,0.49044832876354616
"frozenset({'Process temperature [K]_Bin_Medium', 'Air temperature [K]_Bin_High'})","frozenset({'Torque [Nm]_Bin_High', 'Rotational speed [rpm]_Bin_Low', 'Status_Failure'})",0.0966,0.0254,0.0071,0.07349896480331262,2.8936600316264816,1.0,0.00464636,1.0519146368715084,0.7243932935670254,0.061792863359443,0.04935251878033309,0.17651326192921538
frozenset({'Torque [Nm]_Bin_High'}),"frozenset({'Rotational speed [rpm]_Bin_Low', 'Air temperature [K]_Bin_High', 'Tool wear [min]_Bin_High', 'Status_Failure'})",0.3312,0.0069,0.0066,0.01992753623188406,2.8880487292585593,1.0,0.00431472,1.0132924214417744,0.977490213136146,0.019909502262443438,0.013118050782281804,0.4882246376811594
"frozenset({'Process temperature [K]_Bin_High', 'Torque [Nm]_Bin_High'})",frozenset({'Status_Failure'}),0.1064,0.0339,0.0104,0.09774436090225563,2.8833144808924964,1.0,0.00679304,1.0707608333333334,0.7309500034432892,0.0800615858352579,0.06608462985431698,0.20226451083460864
frozenset({'Torque [Nm]_Bin_High'}),"frozenset({'Rotational speed [rpm]_Bin_Low', 'Status_Failure'})",0.3312,0.0266,0.0254,0.07669082125603864,2.883113581054084,1.0,0.01659008,1.054251406147809,0.976604001054892,0.07641395908543921,0.051459647889910254,0.5157890196505757
"frozenset({'Process temperature [K]_Bin_Medium', 'Air temperature [K]_Bin_High'})","frozenset({'Rotational speed [rpm]_Bin_Low', 'Status_Failure'})",0.0966,0.0266,0.0074,0.07660455486542443,2.8798704836625726,1.0,0.00483044,1.0541529147982063,0.722561614082535,0.06390328151986184,0.05137102410666163,0.1774000217936145
frozenset({'Rotational speed [rpm]_Bin_Low'}),"frozenset({'Status_Failure', 'Air temperature [K]_Bin_Medium', 'Torque [Nm]_Bin_High'})",0.3351,0.0057,0.0055,0.016413011041480154,2.8794756213123076,1.0,0.00358993,1.0108917779126214,0.9816732523004142,0.016403220996122875,0.010774425265493466,0.49066264587161723
frozenset({'Torque [Nm]_Bin_High'}),"frozenset({'Rotational speed [rpm]_Bin_Low', 'Tool wear [min]_Bin_Low', 'Status_Failure'})",0.3312,0.0064,0.0061,0.018417874396135268,2.8777928743961354,1.0,0.003980320000000001,1.0122433712703784,0.975645148639109,0.018401206636500755,0.012095284215111985,0.48577143719806765
frozenset({'Torque [Nm]_Bin_High'}),"frozenset({'Rotational speed [rpm]_Bin_Low', 'Tool wear [min]_Bin_High', 'Status_Failure'})",0.3312,0.0145,0.0138,0.041666666666666664,2.8735632183908044,1.0,0.0089976,1.0283478260869565,0.9748803827751196,0.04157878879180476,0.02756637916455268,0.4966954022988505
frozenset({'Torque [Nm]_Bin_High'}),"frozenset({'Rotational speed [rpm]_Bin_Low', 'Process temperature [K]_Bin_High', 'Status_Failure'})",0.3312,0.0102,0.0097,0.029287439613526572,2.8713176091692714,1.0,0.00632176,1.0196633281493002,0.9744734375770728,0.02924329213144408,0.01928413781928326,0.4901339158851946
frozenset({'Rotational speed [rpm]_Bin_Low'}),"frozenset({'Air temperature [K]_Bin_High', 'Status_Failure', 'Torque [Nm]_Bin_High'})",0.3351,0.0158,0.0152,0.0453595941509997,2.8708603893037785,1.0,0.009905419999999998,1.0309641137855579,0.9801058330892652,0.04527852249031874,0.030034133459662368,0.5036924553033479
frozenset({'Torque [Nm]_Bin_High'}),"frozenset({'Rotational speed [rpm]_Bin_Low', 'Air temperature [K]_Bin_High', 'Status_Failure'})",0.3312,0.016,0.0152,0.04589371980676329,2.8683574879227054,1.0,0.0099008,1.0313316455696202,0.9739360362629059,0.04578313253012048,0.030379796551588706,0.4979468599033816
"frozenset({'Rotational speed [rpm]_Bin_Low', 'Torque [Nm]_Bin_High'})","frozenset({'Air temperature [K]_Bin_High', 'Process temperature [K]_Bin_High', 'Status_Failure'})",0.2646,0.0107,0.0081,0.030612244897959183,2.8609574670989892,1.0,0.00526878,1.020541052631579,0.8845072976158099,0.03031437125748503,0.020127610328473853,0.39381079534617586
frozenset({'Rotational speed [rpm]_Bin_Low'}),"frozenset({'Status_Failure', 'Torque [Nm]_Bin_High'})",0.3351,0.0265,0.0254,0.07579826917338107,2.860312044278531,1.0,0.01651985,1.053341459476913,0.9781738536254933,0.07555026769779892,0.050640235411793605,0.5171444176055585
frozenset({'Torque [Nm]_Bin_High'}),"frozenset({'Rotational speed [rpm]_Bin_Low', 'Air temperature [K]_Bin_High', 'Process temperature [K]_Bin_High', 'Status_Failure'})",0.3312,0.0086,0.0081,0.024456521739130432,2.8437815975733063,1.0,0.00525168,1.0162540389972143,0.96943115364168,0.024419656315948144,0.015994070747559444,0.48315849342770467
"frozenset({'Rotational speed [rpm]_Bin_Low', 'Process temperature [K]_Bin_High'})",frozenset({'Status_Failure'}),0.1061,0.0339,0.0102,0.09613572101790764,2.835861976929429,1.0,0.006603210000000001,1.0688551616266946,0.7242124727729776,0.0785824345146379,0.06441954354405097,0.19851033838506002
"frozenset({'Rotational speed [rpm]_Bin_Low', 'Torque [Nm]_Bin_High'})",frozenset({'Status_Failure'}),0.2646,0.0339,0.0254,0.09599395313681028,2.8316800335342265,1.0,0.01643006,1.06868754180602,0.8795930866270217,0.09300622482607103,0.06427280109389326,0.4226282450049833
"frozenset({'Rotational speed [rpm]_Bin_Low', 'Torque [Nm]_Bin_High'})","frozenset({'Process temperature [K]_Bin_High', 'Status_Failure'})",0.2646,0.013,0.0097,0.03665910808767952,2.819931391359963,1.0,0.0062602000000000005,1.0245594350725775,0.8775923895824981,0.036207540126913025,0.023970727545774593,0.3914064771207628
"frozenset({'Process temperature [K]_Bin_High', 'Torque [Nm]_Bin_High'})","frozenset({'Tool wear [min]_Bin_High', 'Status_Failure'})",0.1064,0.0192,0.0057,0.053571428571428575,2.790178571428572,1.0,0.0036571200000000007,1.0363169811320756,0.7179946284691139,0.047539616346955804,0.03504427872290842,0.1752232142857143
frozenset({'Rotational speed [rpm]_Bin_Low'}),"frozenset({'Status_Failure', 'Process temperature [K]_Bin_High', 'Torque [Nm]_Bin_High'})",0.3351,0.0104,0.0097,0.028946583109519548,2.7833252989922643,1.0,0.00621496,1.019099446834665,0.9636299079157705,0.028886241810601544,0.018741494653920318,0.48081944540091365
frozenset({'Rotational speed [rpm]_Bin_Low'}),"frozenset({'Status_Failure', 'Tool wear [min]_Bin_High', 'Torque [Nm]_Bin_High'})",0.3351,0.0148,0.0138,0.041181736794986566,2.782549783445038,1.0,0.00884052,1.0275148459383754,0.9634793071203906,0.041059208568878305,0.026778051964054573,0.4868070846137095
frozenset({'Rotational speed [rpm]_Bin_Low'}),"frozenset({'Torque [Nm]_Bin_High', 'Air temperature [K]_Bin_High', 'Process temperature [K]_Bin_High', 'Status_Failure'})",0.3351,0.0087,0.0081,0.02417188898836168,2.7783780446392736,1.0,0.005184629999999999,1.0158551376146787,0.9626677361675103,0.024128686327077747,0.015607675767539273,0.47760318587349115
"frozenset({'Process temperature [K]_Bin_Medium', 'Air temperature [K]_Bin_High'})","frozenset({'Status_Failure', 'Torque [Nm]_Bin_High'})",0.0966,0.0265,0.0071,0.07349896480331262,2.773545841634439,1.0,0.0045401,1.050727374301676,0.7078267702295241,0.061206896551724135,0.048278340835452106,0.1707117465525997
frozenset({'Rotational speed [rpm]_Bin_Low'}),"frozenset({'Torque [Nm]_Bin_High', 'Air temperature [K]_Bin_High', 'Tool wear [min]_Bin_High', 'Status_Failure'})",0.3351,0.0072,0.0066,0.019695613249776187,2.735501840246693,1.0,0.00418728,1.0127466666666667,0.9541831307510357,0.01966041108132261,0.012586234135552161,0.46818113995822147
frozenset({'Rotational speed [rpm]_Bin_Low'}),"frozenset({'Process temperature [K]_Bin_Medium', 'Air temperature [K]_Bin_High', 'Status_Failure'})",0.3351,0.0081,0.0074,0.02208296031035512,2.7262913963401383,1.0,0.004685690000000001,1.0142987183399452,0.9523256901058075,0.0220369267421084,0.014097147202696964,0.46783160361196774
"frozenset({'Rotational speed [rpm]_Bin_Low', 'Torque [Nm]_Bin_High'})","frozenset({'Tool wear [min]_Bin_High', 'Status_Failure'})",0.2646,0.0192,0.0138,0.05215419501133787,2.716364323507181,1.0,0.00871968,1.0347674641148326,0.8592070567925175,0.05111111111111111,0.033599301602098154,0.38545209750566894
"frozenset({'Rotational speed [rpm]_Bin_Low', 'Torque [Nm]_Bin_High'})","frozenset({'Tool wear [min]_Bin_High', 'Process temperature [K]_Bin_High', 'Status_Failure'})",0.2646,0.0071,0.0051,0.019274376417233563,2.714700903835713,1.0,0.0032213400000000005,1.0124136416184972,0.858900318354157,0.019129782445611403,0.012261432588612713,0.36879211778608156
frozenset({'Rotational speed [rpm]_Bin_Low'}),"frozenset({'Torque [Nm]_Bin_High', 'Tool wear [min]_Bin_High', 'Process temperature [K]_Bin_High', 'Status_Failure'})",0.3351,0.0057,0.0051,0.01521933751119069,2.6700592124895945,1.0,0.0031899300000000005,1.0096664545454546,0.9407075809719286,0.015192135835567472,0.009573908791301107,0.4549780898082269
"frozenset({'Process temperature [K]_Bin_Medium', 'Rotational speed [rpm]_Bin_Low'})","frozenset({'Tool wear [min]_Bin_High', 'Status_Failure'})",0.1133,0.0192,0.0058,0.051191526919682255,2.6662253604001176,1.0,0.0036246399999999997,1.0337175813953488,0.7047907195607113,0.0457774269928966,0.032617788458077335,0.1766374301265078
frozenset({'Torque [Nm]_Bin_High'}),"frozenset({'Process temperature [K]_Bin_Medium', 'Air temperature [K]_Bin_High', 'Status_Failure'})",0.3312,0.0081,0.0071,0.021437198067632852,2.6465676626707224,1.0,0.004417280000000001,1.013629373650108,0.9302513646472134,0.021372667068031308,0.013446111571360875,0.4489902039720881
"frozenset({'Process temperature [K]_Bin_Medium', 'Torque [Nm]_Bin_High'})","frozenset({'Tool wear [min]_Bin_High', 'Status_Failure'})",0.1122,0.0192,0.0057,0.05080213903743316,2.6459447415329773,1.0,0.0035457600000000007,1.0332935211267607,0.7006793848780547,0.04534606205250598,0.03222077797454441,0.1738385695187166
"frozenset({'Rotational speed [rpm]_Bin_Low', 'Torque [Nm]_Bin_High'})","frozenset({'Air temperature [K]_Bin_Medium', 'Status_Failure'})",0.2646,0.0079,0.0055,0.020786092214663644,2.6311509132485624,1.0,0.0034096599999999993,1.0131596294866847,0.8429945360595346,0.020599250936329586,0.012988702968111726,0.3584943119301166
frozenset({'Air temperature [K]_Bin_High'}),"frozenset({'Rotational speed [rpm]_Bin_Low', 'Process temperature [K]_Bin_High', 'Status_Failure'})",0.3229,0.0102,0.0086,0.02663363270362341,2.61114046113955,1.0,0.005306419999999999,1.0168832962138086,0.9112768887835603,0.026502311248073958,0.016602983131565375,0.43488544380279204
"frozenset({'Rotational speed [rpm]_Bin_Low', 'Process temperature [K]_Bin_High'})","frozenset({'Tool wear [min]_Bin_High', 'Status_Failure'})",0.1061,0.0192,0.0053,0.04995287464655985,2.601712221174992,1.0,0.00326288,1.0323698412698412,0.6887098510449229,0.04416666666666667,0.031354888505872605,0.16299727065661326
frozenset({'Air temperature [K]_Bin_High'}),"frozenset({'Status_Failure', 'Process temperature [K]_Bin_High', 'Torque [Nm]_Bin_High'})",0.3229,0.0104,0.0087,0.026943326107153914,2.5907044333801843,1.0,0.005341839999999999,1.0170014003819223,0.9068152380758371,0.02680221811460258,0.01671718482937946,0.4317408938228077
frozenset({'Air temperature [K]_Bin_High'}),"frozenset({'Torque [Nm]_Bin_High', 'Rotational speed [rpm]_Bin_Low', 'Process temperature [K]_Bin_High', 'Status_Failure'})",0.3229,0.0097,0.0081,0.025085165685970887,2.5860995552547306,1.0,0.004967869999999999,1.0157810355781447,0.9058001535232864,0.02496147919876733,0.015535863562527404,0.4300683560388617
frozenset({'Torque [Nm]_Bin_High'}),"frozenset({'Air temperature [K]_Bin_High', 'Tool wear [min]_Bin_High', 'Status_Failure'})",0.3312,0.0085,0.0072,0.021739130434782608,2.5575447570332477,1.0,0.0043847999999999995,1.0135333333333334,0.9105861244019137,0.021654135338345863,0.013352627770834702,0.4343989769820971
"frozenset({'Tool wear [min]_Bin_High', 'Process temperature [K]_Bin_High'})","frozenset({'Air temperature [K]_Bin_High', 'Status_Failure'})",0.1126,0.0188,0.0054,0.047957371225577264,2.550924001360493,1.0,0.00328312,1.030626119402985,0.6851309276371255,0.04285714285714285,0.029716032639194114,0.16759570688938438
frozenset({'Air temperature [K]_Bin_High'}),"frozenset({'Process temperature [K]_Bin_High', 'Status_Failure'})",0.3229,0.013,0.0107,0.03313719417776401,2.5490149367510777,1.0,0.006502299999999999,1.0208273542600896,0.8974916390268005,0.032902829028290274,0.020402425712020274,0.42810705862734355
frozenset({'Rotational speed [rpm]_Bin_Low'}),"frozenset({'Air temperature [K]_Bin_High', 'Status_Failure'})",0.3351,0.0188,0.016,0.04774694121157863,2.5397309155095016,1.0,0.00970012,1.0303983704167972,0.9118025266957436,0.04735128736312519,0.02950157074151919,0.44940538549940634
frozenset({'Torque [Nm]_Bin_High'}),"frozenset({'Air temperature [K]_Bin_High', 'Status_Failure'})",0.3312,0.0188,0.0158,0.04770531400966184,2.5375167026415872,1.0,0.009573440000000003,1.0303533291058973,0.9059717763914967,0.047277079593058054,0.029459145953589318,0.44406542296227774
frozenset({'Rotational speed [rpm]_Bin_Low'}),"frozenset({'Tool wear [min]_Bin_Low', 'Status_Failure'})",0.3351,0.0076,0.0064,0.019098776484631454,2.51299690587256,1.0,0.0038532400000000004,1.0117226650441131,0.9055027071740112,0.019030627415997623,0.011586836441587521,0.4306020198212631
"frozenset({'Air temperature [K]_Bin_High', 'Tool wear [min]_Bin_High'})","frozenset({'Status_Failure', 'Torque [Nm]_Bin_High'})",0.1085,0.0265,0.0072,0.06635944700460829,2.504130075645596,1.0,0.0043247500000000005,1.042692497532083,0.6737630086620553,0.056338028169014086,0.04094447560822629,0.16902878010607772
frozenset({'Rotational speed [rpm]_Bin_Low'}),"frozenset({'Process temperature [K]_Bin_Medium', 'Status_Failure'})",0.3351,0.0136,0.0114,0.03401969561324978,2.5014482068566015,1.0,0.0068426400000000005,1.0211388322520853,0.9027396284364091,0.03379780610732286,0.020701232373529783,0.4361274948654485
"frozenset({'Process temperature [K]_Bin_Medium', 'Air temperature [K]_Bin_High'})",frozenset({'Status_Failure'}),0.0966,0.0339,0.0081,0.08385093167701863,2.473478810531523,1.0,0.00482526,1.0545227118644067,0.6594101296337294,0.06617647058823528,0.05170368665460991,0.16139449238718187
frozenset({'Torque [Nm]_Bin_High'}),"frozenset({'Process temperature [K]_Bin_Medium', 'Status_Failure'})",0.3312,0.0136,0.0111,0.03351449275362319,2.4643009377664113,1.0,0.0065956800000000005,1.020605060918463,0.8884650200439673,0.0332634102487264,0.02018906402435441,0.4248454816709293
frozenset({'Torque [Nm]_Bin_High'}),"frozenset({'Air temperature [K]_Bin_High', 'Process temperature [K]_Bin_High', 'Status_Failure'})",0.3312,0.0107,0.0087,0.026268115942028984,2.4549641067316808,1.0,0.00515616,1.0159880930232557,0.886157399769015,0.026110444177671065,0.015736496454087725,0.4196761140457808
frozenset({'Rotational speed [rpm]_Bin_Low'}),"frozenset({'Process temperature [K]_Bin_Medium', 'Tool wear [min]_Bin_High', 'Status_Failure'})",0.3351,0.0071,0.0058,0.017308266189197254,2.4377839703094724,1.0,0.0034207899999999995,1.0103880655936837,0.8870377189206569,0.017241379310344824,0.01028126315761633,0.4171048373199507
frozenset({'Torque [Nm]_Bin_High'}),"frozenset({'Tool wear [min]_Bin_High', 'Process temperature [K]_Bin_High', 'Status_Failure'})",0.3312,0.0071,0.0057,0.017210144927536232,2.4239640743008777,1.0,0.00334848,1.0102871889400922,0.8783681692268949,0.017137702946482262,0.01018244025333491,0.41001352316799344
frozenset({'Torque [Nm]_Bin_High'}),"frozenset({'Process temperature [K]_Bin_Medium', 'Tool wear [min]_Bin_High', 'Status_Failure'})",0.3312,0.0071,0.0057,0.017210144927536232,2.4239640743008777,1.0,0.00334848,1.0102871889400922,0.8783681692268949,0.017137702946482262,0.01018244025333491,0.41001352316799344
frozenset({'Torque [Nm]_Bin_High'}),"frozenset({'Tool wear [min]_Bin_Low', 'Status_Failure'})",0.3312,0.0076,0.0061,0.018417874396135268,2.423404525807272,1.0,0.0035828800000000005,1.011020855121501,0.8782257431955448,0.018334836188758644,0.010900719867125421,0.4105247266717519
frozenset({'Rotational speed [rpm]_Bin_Low'}),"frozenset({'Air temperature [K]_Bin_High', 'Tool wear [min]_Bin_High', 'Status_Failure'})",0.3351,0.0085,0.0069,0.020590868397493283,2.422455105587445,1.0,0.0040516499999999995,1.0123450639853748,0.8831337827852503,0.020493020493020493,0.012194521833074415,0.41617778713992304
frozenset({'Torque [Nm]_Bin_High'}),"frozenset({'Process temperature [K]_Bin_High', 'Status_Failure'})",0.3312,0.013,0.0104,0.03140096618357488,2.4154589371980677,1.0,0.0060944,1.0189975062344139,0.8761961722488038,0.03115638106650689,0.01864332946664122,0.4157004830917875
frozenset({'Rotational speed [rpm]_Bin_Low'}),"frozenset({'Air temperature [K]_Bin_High', 'Process temperature [K]_Bin_High', 'Status_Failure'})",0.3351,0.0107,0.0086,0.025663980901223515,2.3985028879648147,1.0,0.00501443,1.0153581316998468,0.8769337581801075,0.025504151838671413,0.015125827252828785,0.4147011493291165
frozenset({'Rotational speed [rpm]_Bin_Low'}),"frozenset({'Status_Failure', 'Tool wear [min]_Bin_Medium'})",0.3351,0.0071,0.0057,0.01700984780662489,2.3957532122006886,1.0,0.00332079,1.0100813296903461,0.8762140725554297,0.016939078751857354,0.009980710853686061,0.40991337460753774
"frozenset({'Air temperature [K]_Bin_High', 'Tool wear [min]_Bin_High'})","frozenset({'Torque [Nm]_Bin_High', 'Rotational speed [rpm]_Bin_Low', 'Status_Failure'})",0.1085,0.0254,0.0066,0.060829493087557605,2.394861932581008,1.0,0.0038441,1.0377242394504416,0.653325175478849,0.051846032992930086,0.03635285562031357,0.16033600638629847
"frozenset({'Air temperature [K]_Bin_High', 'Tool wear [min]_Bin_High'})","frozenset({'Rotational speed [rpm]_Bin_Low', 'Status_Failure'})",0.1085,0.0266,0.0069,0.06359447004608294,2.390769550604622,1.0,0.0040139,1.0395068897637796,0.6525234298162192,0.05382215288611544,0.0380054140600811,0.16149648314334222
frozenset({'Torque [Nm]_Bin_High'}),"frozenset({'Tool wear [min]_Bin_Medium', 'Status_Failure'})",0.3312,0.0071,0.0056,0.016908212560386472,2.381438388786827,1.0,0.0032484799999999998,1.0099769041769042,0.8673530416951468,0.016831980763450556,0.009878348837130095,0.4028203034632918
frozenset({'Process temperature [K]_Bin_Low'}),"frozenset({'Air temperature [K]_Bin_Low', 'Status_Failure'})",0.335,0.0072,0.0057,0.01701492537313433,2.3631840796019903,1.0,0.003288,1.0099848162769511,0.8674317372378314,0.016939078751857354,0.009886105331521282,0.40434079601990053
frozenset({'Torque [Nm]_Bin_High'}),frozenset({'Status_Failure'}),0.3312,0.0339,0.0265,0.08001207729468598,2.3602382682798226,1.0,0.015272319999999999,1.0501224811289793,0.8617134603231921,0.07826343768458359,0.04773012865612875,0.43086149587448164
frozenset({'Air temperature [K]_Bin_High'}),"frozenset({'Tool wear [min]_Bin_High', 'Process temperature [K]_Bin_High', 'Status_Failure'})",0.3229,0.0071,0.0054,0.01672344379064726,2.3554146184010225,1.0,0.00310741,1.0097871181102362,0.8498689946777378,0.016635859519408505,0.009692258828328392,0.3886434120361687
frozenset({'Rotational speed [rpm]_Bin_Low'}),frozenset({'Status_Failure'}),0.3351,0.0339,0.0266,0.07937928976424947,2.3415719694468873,1.0,0.015240109999999998,1.049400680713128,0.8616881729063218,0.07768691588785047,0.04707513690534052,0.43202002836295067
frozenset({'Rotational speed [rpm]_Bin_Low'}),"frozenset({'Process temperature [K]_Bin_High', 'Status_Failure'})",0.3351,0.013,0.0102,0.03043867502238138,2.3414365401831834,1.0,0.005843700000000001,1.0179861495844875,0.8616510222678333,0.030186445693992304,0.017668363751146283,0.40752702981888306
frozenset({'Air temperature [K]_Bin_Low'}),"frozenset({'Process temperature [K]_Bin_Low', 'Status_Failure'})",0.3336,0.0073,0.0057,0.0170863309352518,2.3405932788016166,1.0,0.00326472,1.009956450137237,0.8594806343590068,0.017004773269689737,0.009858296499699605,0.3989541243717355
frozenset({'Torque [Nm]_Bin_High'}),"frozenset({'Tool wear [min]_Bin_High', 'Status_Failure'})",0.3312,0.0192,0.0148,0.044685990338164255,2.3273953301127217,1.0,0.00844096,1.0266781289506952,0.852773826458037,0.04410011918951132,0.02598490042635018,0.40775966183574885
"frozenset({'Air temperature [K]_Bin_High', 'Tool wear [min]_Bin_High'})",frozenset({'Status_Failure'}),0.1085,0.0339,0.0085,0.0783410138248848,2.310944360616071,1.0,0.004821850000000001,1.0482185,0.6363168486688002,0.06348020911127708,0.046000428345807684,0.16453923847586424
frozenset({'Rotational speed [rpm]_Bin_Low'}),"frozenset({'Tool wear [min]_Bin_High', 'Status_Failure'})",0.3351,0.0192,0.0145,0.04327066547299314,2.2536804933850596,1.0,0.008066080000000002,1.0251593262632563,0.8366391627467963,0.042672160094173045,0.024541869364797245,0.39923949940316333
frozenset({'Rotational speed [rpm]_Bin_Low'}),"frozenset({'Tool wear [min]_Bin_High', 'Process temperature [K]_Bin_High', 'Status_Failure'})",0.3351,0.0071,0.0053,0.015816174276335422,2.227630179765552,1.0,0.00292079,1.008856246209824,0.8288350922397182,0.01573167111902642,0.008778501637964974,0.381147523757886
frozenset({'Tool wear [min]_Bin_High'}),"frozenset({'Air temperature [K]_Bin_Medium', 'Status_Failure'})",0.3317,0.0079,0.0058,0.017485679831172746,2.2133771938193347,1.0,0.003179569999999999,1.0097562749309603,0.8202928686786337,0.01737567405632115,0.009662009707864877,0.37583144751052305
frozenset({'Air temperature [K]_Bin_High'}),"frozenset({'Tool wear [min]_Bin_Low', 'Status_Failure'})",0.3229,0.0076,0.0054,0.01672344379064726,2.2004531303483237,1.0,0.00294596,1.0092786141732284,0.8057128166417783,0.01661027376191941,0.009193312969213283,0.3636248797900605
frozenset({'Torque [Nm]_Bin_High'}),"frozenset({'Air temperature [K]_Bin_Medium', 'Status_Failure'})",0.3312,0.0079,0.0057,0.017210144927536232,2.1784993579159786,1.0,0.00308352,1.0094731797235024,0.8088642659279778,0.017096580683863227,0.00938428074542509,0.3693645661346542
frozenset({'Rotational speed [rpm]_Bin_Low'}),"frozenset({'Air temperature [K]_Bin_Medium', 'Status_Failure'})",0.3351,0.0079,0.0056,0.016711429424052522,2.115370813171205,1.0,0.0029527099999999994,1.0089611836115326,0.7930059300002147,0.01659751037344398,0.008881594016785123,0.3627860944588617
frozenset({'Torque [Nm]_Bin_High'}),"frozenset({'Air temperature [K]_Bin_Low', 'Status_Failure'})",0.3312,0.0072,0.005,0.015096618357487924,2.0967525496511006,1.0,0.00261536,1.008017657878602,0.7821052631578947,0.014997000599880026,0.007953886339129657,0.3547705314009662
frozenset({'Rotational speed [rpm]_Bin_Low'}),"frozenset({'Air temperature [K]_Bin_Low', 'Status_Failure'})",0.3351,0.0072,0.005,0.014920919128618322,2.072349878974767,1.0,0.00258728,1.0078378673129356,0.7782463528350128,0.014823599169878448,0.007776912901509188,0.35468268178653145
frozenset({'Torque [Nm]_Bin_High'}),"frozenset({'Process temperature [K]_Bin_Low', 'Status_Failure'})",0.3312,0.0073,0.005,0.015096618357487924,2.068029911984647,1.0,0.00258224,1.0079161250766402,0.772200956937799,0.014992503748125939,0.007853952208610782,0.35001406260340145
"frozenset({'Air temperature [K]_Bin_High', 'Tool wear [min]_Bin_High', 'Process temperature [K]_Bin_High'})",frozenset({'Status_Failure'}),0.0771,0.0339,0.0054,0.07003891050583658,2.0660445576942945,1.0,0.00278631,1.038860669456067,0.5590891031892223,0.05113636363636364,0.037407008079739755,0.11466547295203333
frozenset({'Tool wear [min]_Bin_High'}),"frozenset({'Process temperature [K]_Bin_Low', 'Status_Failure'})",0.3317,0.0073,0.005,0.015073861923424782,2.06491259224997,1.0,0.00257859,1.0078928374655647,0.7716863683974262,0.014970059880239523,0.007831028430970869,0.3500026843863699
"frozenset({'Tool wear [min]_Bin_Low', 'Torque [Nm]_Bin_High'})","frozenset({'Rotational speed [rpm]_Bin_Low', 'Status_Failure'})",0.1117,0.0266,0.0061,0.054610564010743066,2.0530287222083863,1.0,0.0031287800000000007,1.0296285984848486,0.5774116335678946,0.04614220877458397,0.028776005764067254,0.14196693614070988
frozenset({'Rotational speed [rpm]_Bin_Low'}),"frozenset({'Process temperature [K]_Bin_Low', 'Status_Failure'})",0.3351,0.0073,0.005,0.014920919128618322,2.0439615244682634,1.0,0.00255377,1.0077363526204182,0.7681666416002406,0.014819205690574986,0.007676960943505915,0.3499262129889667
"frozenset({'Rotational speed [rpm]_Bin_Low', 'Tool wear [min]_Bin_Low'})","frozenset({'Status_Failure', 'Torque [Nm]_Bin_High'})",0.1138,0.0265,0.0061,0.05360281195079086,2.022747620784561,1.0,0.0030843000000000003,1.0286378830083567,0.5705517386816431,0.045454545454545456,0.02784058752007279,0.14189574559803697
"frozenset({'Process temperature [K]_Bin_Medium', 'Tool wear [min]_Bin_High'})","frozenset({'Torque [Nm]_Bin_High', 'Rotational speed [rpm]_Bin_Low', 'Status_Failure'})",0.1091,0.0254,0.0056,0.05132905591200733,2.0208289729136744,1.0,0.00282886,1.0273319806763286,0.5670148966534644,0.043444530643910004,0.026604818296744645,0.1359007484284446
frozenset({'Air temperature [K]_Bin_High'}),"frozenset({'Process temperature [K]_Bin_Medium', 'Rotational speed [rpm]_Bin_Low', 'Status_Failure'})",0.3229,0.0114,0.0074,0.022917311861257356,2.010290514145382,1.0,0.00371894,1.0117874484944533,0.7422233930873717,0.022636892015907004,0.011650123266495404,0.3360200594394006
frozenset({'Air temperature [K]_Bin_High'}),"frozenset({'Torque [Nm]_Bin_High', 'Process temperature [K]_Bin_Medium', 'Rotational speed [rpm]_Bin_Low', 'Status_Failure'})",0.3229,0.011,0.0071,0.02198823165066584,1.9989301500605312,1.0,0.0035481,1.011235275490817,0.7380481381866743,0.021725826193390453,0.011110446562857272,0.3337213885526057
"frozenset({'Process temperature [K]_Bin_Medium', 'Tool wear [min]_Bin_High'})","frozenset({'Rotational speed [rpm]_Bin_Low', 'Status_Failure'})",0.1091,0.0266,0.0058,0.05316223648029331,1.9985803188080191,1.0,0.00289794,1.0280536302032914,0.5608315496533919,0.044649730561970746,0.027288099938661707,0.1356036746311241
"frozenset({'Rotational speed [rpm]_Bin_Low', 'Tool wear [min]_Bin_Low', 'Torque [Nm]_Bin_High'})",frozenset({'Status_Failure'}),0.0903,0.0339,0.0061,0.06755260243632337,1.992702136764701,1.0,0.00303883,1.0360906175771971,0.54761883308675,0.05165114309906858,0.03483345661559194,0.12374680269308794
frozenset({'Air temperature [K]_Bin_High'}),"frozenset({'Process temperature [K]_Bin_Medium', 'Status_Failure', 'Torque [Nm]_Bin_High'})",0.3229,0.0111,0.0071,0.02198823165066584,1.980921770330256,1.0,0.00351581,1.0111330272324257,0.7313314237812043,0.021719180177424288,0.011010447619239397,0.33081393564515277
"frozenset({'Process temperature [K]_Bin_Medium', 'Tool wear [min]_Bin_High'})","frozenset({'Status_Failure', 'Torque [Nm]_Bin_High'})",0.1091,0.0265,0.0057,0.052245646196150325,1.9715338187226539,1.0,0.0028088500000000003,1.0271648936170212,0.5531268399981883,0.04387990762124712,0.02644647785942509,0.1336699929093959
frozenset({'Process temperature [K]_Bin_High'}),"frozenset({'Air temperature [K]_Bin_High', 'Tool wear [min]_Bin_High', 'Status_Failure'})",0.3282,0.0085,0.0054,0.016453382084095067,1.935692009893537,1.0,0.0026103000000000003,1.0080864312267659,0.7195428533624426,0.01629942650166013,0.008021565389909295,0.32587374986557693
"frozenset({'Process temperature [K]_Bin_Medium', 'Tool wear [min]_Bin_High'})",frozenset({'Status_Failure'}),0.1091,0.0339,0.0071,0.06507791017415215,1.9197023650192375,1.0,0.0034015100000000004,1.0333481372549018,0.5377549842776493,0.052244297277409854,0.03227192855206724,0.1372587190988755
"frozenset({'Tool wear [min]_Bin_High', 'Process temperature [K]_Bin_High'})","frozenset({'Status_Failure', 'Torque [Nm]_Bin_High'})",0.1126,0.0265,0.0057,0.050621669626998225,1.9102516840376689,1.0,0.0027161,1.0254078578110384,0.5369717961796535,0.04272863568215893,0.024778294429376707,0.13285800462481986
"frozenset({'Tool wear [min]_Bin_Medium', 'Torque [Nm]_Bin_High'})","frozenset({'Rotational speed [rpm]_Bin_Low', 'Status_Failure'})",0.1107,0.0266,0.0055,0.049683830171635045,1.8678131643471823,1.0,0.0025553799999999995,1.0242906844106463,0.5224497306359445,0.041729893778452196,0.023714639584585005,0.12822537373243406
frozenset({'Air temperature [K]_Bin_High'}),"frozenset({'Rotational speed [rpm]_Bin_Low', 'Status_Failure'})",0.3229,0.0266,0.016,0.04955094456488077,1.8628174648451417,1.0,0.00741086,1.0241474747474748,0.68406254615271,0.047976011994003,0.02357812262675238,0.32552735198168853
"frozenset({'Tool wear [min]_Bin_High', 'Process temperature [K]_Bin_High'})",frozenset({'Status_Failure'}),0.1126,0.0339,0.0071,0.0630550621669627,1.8600313323587818,1.0,0.0032828600000000003,1.031117156398104,0.5210442279550642,0.0509325681492109,0.030178099748434637,0.13624729509528077
frozenset({'Air temperature [K]_Bin_High'}),"frozenset({'Rotational speed [rpm]_Bin_Low', 'Status_Failure', 'Torque [Nm]_Bin_High'})",0.3229,0.0254,0.0152,0.04707339733663673,1.8532833597101075,1.0,0.0069983400000000005,1.02274403639909,0.6799839097078095,0.045631942359651755,0.022238248857620282,0.32274929709351524
frozenset({'Air temperature [K]_Bin_High'}),"frozenset({'Status_Failure', 'Torque [Nm]_Bin_High'})",0.3229,0.0265,0.0158,0.04893155775781976,1.8464738776535758,1.0,0.007243150000000002,1.0235856398567242,0.6770450674787675,0.047362110311750596,0.023042175406080903,0.32257898642607974
frozenset({'Air temperature [K]_Bin_High'}),"frozenset({'Process temperature [K]_Bin_Medium', 'Status_Failure'})",0.3229,0.0136,0.0081,0.025085165685970887,1.844497476909624,1.0,0.0037085599999999996,1.0117806861499365,0.6761880277362973,0.024665042630937876,0.011643517524301386,0.31033670049004425
"frozenset({'Rotational speed [rpm]_Bin_Low', 'Tool wear [min]_Bin_Medium'})","frozenset({'Status_Failure', 'Torque [Nm]_Bin_High'})",0.1136,0.0265,0.0055,0.04841549295774647,1.8269997342545838,1.0,0.0024896,1.0230305272895468,0.5106662290777814,0.04086181277860327,0.02251206261709961,0.1279813313845336
"frozenset({'Tool wear [min]_Bin_Medium', 'Rotational speed [rpm]_Bin_Low', 'Torque [Nm]_Bin_High'})",frozenset({'Status_Failure'}),0.0891,0.0339,0.0055,0.06172839506172839,1.820896609490513,1.0,0.00247951,1.0296592105263158,0.49491711494126683,0.04680851063829787,0.028804880511053094,0.11198514148366655
"frozenset({'Air temperature [K]_Bin_Medium', 'Torque [Nm]_Bin_High'})","frozenset({'Rotational speed [rpm]_Bin_Low', 'Status_Failure'})",0.1154,0.0266,0.0055,0.04766031195840554,1.7917410510678775,1.0,0.00243036,1.0221142857142858,0.49952931987749977,0.04029304029304029,0.021635824900765915,0.12721361462581932
"frozenset({'Tool wear [min]_Bin_High', 'Process temperature [K]_Bin_High'})","frozenset({'Torque [Nm]_Bin_High', 'Rotational speed [rpm]_Bin_Low', 'Status_Failure'})",0.1126,0.0254,0.0051,0.04529307282415631,1.783191843470721,1.0,0.0022399600000000005,1.0208368372093024,0.49493784441881333,0.03837471783295711,0.020411525573729026,0.12304023719947975
"frozenset({'Tool wear [min]_Bin_High', 'Process temperature [K]_Bin_High'})","frozenset({'Rotational speed [rpm]_Bin_Low', 'Status_Failure'})",0.1126,0.0266,0.0053,0.04706927175843694,1.7695214946780806,1.0,0.00230484,1.0214803355079216,0.49005574904001936,0.039581777445855115,0.021028633407064866,0.12315869602959442
"frozenset({'Rotational speed [rpm]_Bin_Low', 'Air temperature [K]_Bin_Medium'})","frozenset({'Status_Failure', 'Torque [Nm]_Bin_High'})",0.1187,0.0265,0.0055,0.04633529907329401,1.7485018518224156,1.0,0.0023544499999999997,1.0207990282685513,0.48573904253014655,0.03937007874015748,0.020375243013142284,0.12694123444230737
"frozenset({'Rotational speed [rpm]_Bin_Low', 'Air temperature [K]_Bin_Medium', 'Torque [Nm]_Bin_High'})",frozenset({'Status_Failure'}),0.0933,0.0339,0.0055,0.05894962486602358,1.7389269871983357,1.0,0.0023371299999999998,1.0266187927107062,0.4686585720444769,0.04519309778142975,0.0259286045606289,0.11059575638581415
frozenset({'Process temperature [K]_Bin_High'}),"frozenset({'Air temperature [K]_Bin_High', 'Status_Failure'})",0.3282,0.0188,0.0107,0.032602071907373555,1.734152761030508,1.0,0.004529839999999999,1.0142672125984251,0.6301719748590062,0.03181683021112102,0.014066522530955519,0.3008755040387931
frozenset({'Air temperature [K]_Bin_High'}),frozenset({'Status_Failure'}),0.3229,0.0339,0.0188,0.058222359863734904,1.717473742293065,1.0,0.00785369,1.0258260111805326,0.6169686428667942,0.05562130177514793,0.025175820167410108,0.3063973156250828
frozenset({'Tool wear [min]_Bin_High'}),frozenset({'Status_Failure'}),0.3317,0.0339,0.0192,0.05788362978595116,1.7074817046003292,1.0,0.007955369999999998,1.025457184,0.6199942952266946,0.05542725173210161,0.024825204208623494,0.3121276556009402
frozenset({'Tool wear [min]_Bin_High'}),"frozenset({'Status_Failure', 'Torque [Nm]_Bin_High'})",0.3317,0.0265,0.0148,0.04461863129333735,1.683721935597636,1.0,0.006009950000000002,1.0189648153991795,0.6076278657828862,0.0430984274898078,0.0186118451908961,0.3015545986655366
frozenset({'Process temperature [K]_Bin_High'}),"frozenset({'Air temperature [K]_Bin_High', 'Status_Failure', 'Torque [Nm]_Bin_High'})",0.3282,0.0158,0.0087,0.026508226691042046,1.6777358665216484,1.0,0.003514439999999999,1.0109998122065726,0.6013078605085667,0.02594691321204891,0.010880132789109983,0.2885705690417235
"frozenset({'Rotational speed [rpm]_Bin_Low', 'Tool wear [min]_Bin_Low'})",frozenset({'Status_Failure'}),0.1138,0.0339,0.0064,0.0562390158172232,1.6589680182071742,1.0,0.0025421800000000002,1.0236702048417132,0.4482234540735726,0.04529370134465676,0.023122881500075774,0.12251478814459982
frozenset({'Tool wear [min]_Bin_High'}),"frozenset({'Status_Failure', 'Process temperature [K]_Bin_High', 'Torque [Nm]_Bin_High'})",0.3317,0.0104,0.0057,0.017184202592704253,1.652327172375409,1.0,0.0022503200000000005,1.0069028220858895,0.5907421554034721,0.01694411414982164,0.0068554997905257205,0.2826305628348137
frozenset({'Tool wear [min]_Bin_High'}),"frozenset({'Process temperature [K]_Bin_High', 'Status_Failure'})",0.3317,0.013,0.0071,0.02140488393126319,1.6465295331740917,1.0,0.0027879000000000003,1.0085887245841034,0.5875534517895944,0.021030805687203794,0.00851558655649766,0.2837793650425547
frozenset({'Tool wear [min]_Bin_High'}),"frozenset({'Rotational speed [rpm]_Bin_Low', 'Status_Failure'})",0.3317,0.0266,0.0145,0.04371419957793187,1.6433909615763862,1.0,0.005676780000000001,1.0178965321563682,0.5858178497164706,0.04217568353694008,0.017581877519962884,0.2944134907664096
frozenset({'Tool wear [min]_Bin_High'}),"frozenset({'Rotational speed [rpm]_Bin_Low', 'Status_Failure', 'Torque [Nm]_Bin_High'})",0.3317,0.0254,0.0138,0.0416038589086524,1.6379472011280471,1.0,0.005374820000000001,1.0169072664359862,0.5827917254899411,0.0401980774832508,0.01662616346055038,0.2924554727614128
frozenset({'Process temperature [K]_Bin_High'}),"frozenset({'Rotational speed [rpm]_Bin_Low', 'Air temperature [K]_Bin_High', 'Status_Failure'})",0.3282,0.016,0.0086,0.026203534430225474,1.6377209018890921,1.0,0.0033488,1.0104780976220276,0.5796298732319282,0.02562574493444577,0.010369445559172229,0.28185176721511274
frozenset({'Process temperature [K]_Bin_High'}),"frozenset({'Rotational speed [rpm]_Bin_Low', 'Air temperature [K]_Bin_High', 'Torque [Nm]_Bin_High', 'Status_Failure'})",0.3282,0.0152,0.0081,0.024680073126142597,1.6236890214567499,1.0,0.0031113599999999996,1.009719962511715,0.5717751094351272,0.024157470921562778,0.009626394319803612,0.2787874049841239
"frozenset({'Tool wear [min]_Bin_Low', 'Torque [Nm]_Bin_High'})",frozenset({'Status_Failure'}),0.1117,0.0339,0.0061,0.054610564010743066,1.6109310917623323,1.0,0.002313370000000001,1.0219069128787879,0.4269289469847546,0.04372759856630824,0.021437288076537695,0.1172757834802978
frozenset({'Tool wear [min]_Bin_High'}),"frozenset({'Torque [Nm]_Bin_High', 'Rotational speed [rpm]_Bin_Low', 'Process temperature [K]_Bin_High', 'Status_Failure'})",0.3317,0.0097,0.0051,0.015375339161893278,1.5850865115353894,1.0,0.0018825100000000004,1.0057639620330678,0.5523262125439733,0.015165031222123105,0.005730929174889709,0.27057426751909097
frozenset({'Tool wear [min]_Bin_High'}),"frozenset({'Process temperature [K]_Bin_Medium', 'Status_Failure'})",0.3317,0.0136,0.0071,0.02140488393126319,1.5738885243575877,1.0,0.002588880000000001,1.0079756007393716,0.5456097350224346,0.020993494973388527,0.007912493847590421,0.2717318537303375
frozenset({'Tool wear [min]_Bin_High'}),"frozenset({'Rotational speed [rpm]_Bin_Low', 'Process temperature [K]_Bin_High', 'Status_Failure'})",0.3317,0.0102,0.0053,0.015978293638830268,1.5664993763559085,1.0,0.0019166599999999997,1.0058721200980392,0.5411251866888387,0.015745692216280454,0.005837839602778608,0.26779306838804257
frozenset({'Tool wear [min]_Bin_High'}),"frozenset({'Process temperature [K]_Bin_Medium', 'Status_Failure', 'Torque [Nm]_Bin_High'})",0.3317,0.0111,0.0057,0.017184202592704253,1.5481263597030859,1.0,0.00201813,1.0061905828220858,0.5297888593997337,0.016908929101156926,0.006152495290428003,0.26534885805310887
frozenset({'Tool wear [min]_Bin_High'}),"frozenset({'Torque [Nm]_Bin_High', 'Process temperature [K]_Bin_Medium', 'Rotational speed [rpm]_Bin_Low', 'Status_Failure'})",0.3317,0.011,0.0056,0.016882725354235757,1.5347932140214324,1.0,0.0019513,1.0059837473167739,0.5213922318890148,0.01661228122218926,0.005948155059894598,0.26298681722257244
frozenset({'Tool wear [min]_Bin_High'}),"frozenset({'Process temperature [K]_Bin_Medium', 'Rotational speed [rpm]_Bin_Low', 'Status_Failure'})",0.3317,0.0114,0.0058,0.017485679831172746,1.53383156413796,1.0,0.0020186199999999996,1.006193985885241,0.5207809831430237,0.017195375037058994,0.006155856596371379,0.26312880482786705
frozenset({'Tool wear [min]_Bin_High'}),"frozenset({'Air temperature [K]_Bin_High', 'Process temperature [K]_Bin_High', 'Status_Failure'})",0.3317,0.0107,0.0054,0.016279770877298764,1.5214739137662396,1.0,0.0018508100000000005,1.0056721115537848,0.5128573882875844,0.016023738872403562,0.005640120163043328,0.2604763340367803
frozenset({'Air temperature [K]_Bin_High'}),"frozenset({'Status_Failure', 'Tool wear [min]_Bin_High', 'Torque [Nm]_Bin_High'})",0.3229,0.0148,0.0072,0.022297925054196345,1.5066165577159691,1.0,0.002421079999999999,1.0076689261957554,0.496619570390062,0.021785173978819967,0.007610561362359262,0.2543922057703414
